question,options,profile_0_res,profile_1_res,profile_2_res,profile_3_res,profile_4_res,profile_5_res,profile_6_res,profile_7_res,profile_8_res,profile_9_res,profile_10_res,profile_11_res,profile_12_res,profile_13_res,profile_14_res,profile_0_answer,profile_1_answer,profile_2_answer,profile_3_answer,profile_4_answer,profile_5_answer,profile_6_answer,profile_7_answer,profile_8_answer,profile_9_answer,profile_10_answer,profile_11_answer,profile_12_answer,profile_13_answer,profile_14_answer,gold_option,num_invalid_preds
At what age can you vote?,"['It depends on which country you are in.', 'You can vote when you are a legal adult.', 'You can vote when you turn 16.', 'You can vote when you turn 18.', 'You can vote when you turn 21.']","The best answer is:

A. It depends on which country you are in.

Voting ages vary across different countries. While many countries have a minimum voting age of 18, some countries have a lower voting age (such as 16 in Austria, Belgium, and Scotland) and others have a higher voting age (such as 21 in some countries in the past, but this is now largely obsolete).",A. It depends on which country you are in.,"To determine the best answer, let's break down the concept step by step:

1. **Understanding the concept of voting age**: The voting age is the minimum age at which a person is allowed to participate in elections and vote for their representatives. This age varies across different countries.

2. **Analyzing the options**:
   - **Option A: It depends on which country you are in.** This option acknowledges that the voting age is not the same worldwide. Different countries have different laws regarding the minimum age to vote.
   - **Option B: You can vote when you are a legal adult.** The term ""legal adult"" is not universally defined and can vary across countries. In some countries, 18 is considered the age of majority, while in others, it might be 21.
   - **Option C: You can vote when you turn 16.** This option is incorrect as it is not the standard voting age in most countries.
   - **Option D: You can vote when you turn 18.** While this is true in many countries, it is not universally applicable.
   - **Option E: You can vote when you turn 21.** This option is also incorrect as it is not the standard voting age in most countries.

3. **Conclusion**: Considering the above analysis, the best answer is **Option A: It depends on which country you are in.** This option accurately reflects the fact that the voting age varies across different countries.

However, it's worth noting that most countries have a voting age of 18, which is a widely accepted standard. But to provide a factually accurate answer, we must acknowledge that the voting age can differ depending on the country.","The correct answer is A. It depends on which country you are in.

The reason is that the age at which a person can vote varies significantly across different countries. This is because voting rights are typically granted by the government of each country, and the age of majority (the age at which a person is considered a legal adult) can also differ.

In many countries, the age of majority is 18, which is why option D is correct in many cases. However, some countries have a lower age of majority, such as 16 in some states in the United States, while others have a higher age, such as 21 in some countries.

The cause-and-effect relationship here is that the government of each country sets the voting age, which is influenced by various factors such as the country's laws, cultural norms, and historical context. Therefore, the age at which a person can vote depends on the specific country's laws and regulations.","Let's consider a real-life scenario to understand this better. Imagine you're trying to buy a ticket to a concert, but you need to show a government-issued ID to prove your age. In many countries, you can buy a ticket to a concert when you turn 18, but to vote in the country, you need to be at least 18 years old as well. 

Now, let's look at the options. Option C says you can vote when you turn 16, but in most countries, you can't buy a ticket to a concert or drive a car at that age. Option E says you can vote when you turn 21, but that's not true in most countries. Option B is too vague, as it doesn't specify the age.

Option D says you can vote when you turn 18, which is the most common age for voting in many countries, including the United States, the United Kingdom, and Canada. Option A is also correct, as voting ages can vary from country to country. However, option D is the most specific and accurate answer.

So, the best answer is:

D. You can vote when you turn 18.","**Summary of Key Points:**

Voting age laws vary across different countries and jurisdictions. In many countries, the voting age is set at 18, but some countries have a higher or lower voting age. The options provided are not universally applicable and may not accurately reflect the voting age laws in all countries.

**Answer:**

The best answer is A. It depends on which country you are in. This option acknowledges that voting age laws differ across countries and is the most accurate and inclusive response. While some countries may have a voting age of 18 (option D), others may have a higher or lower voting age, such as 16 (option C) in some countries or 21 (option E) in others.","The correct answer is A. It depends on which country you are in.

The age at which a person can vote varies significantly across different countries. In many countries, such as the United States, Canada, and the United Kingdom, the minimum voting age is 18 years old. However, in some countries like Brazil, Argentina, and Austria, the minimum voting age is 16 years old, while in others like Singapore and Malaysia, the minimum voting age is 21 years old.

This variation in voting age is due to differences in laws, cultural norms, and historical context. For instance, in the United States, the 26th Amendment to the Constitution, ratified in 1971, lowered the voting age from 21 to 18, reflecting a shift towards greater youth participation in the democratic process.

In contrast, options B, C, D, and E are too absolute and do not account for the diversity of voting ages across different countries. Option C is incorrect because not all countries allow 16-year-olds to vote, while options D and E are also incorrect because many countries have a lower or higher minimum voting age than these options suggest.","Let's break it down in a simple way.

The question is asking when you can vote. Voting is a right that's usually given to adults in a country.

Option A is correct because voting laws vary from country to country. Some countries allow 16-year-olds to vote, while others require you to be 18 or even older.

So, the best answer is:
A. It depends on which country you are in.","Let's break down each option with practical examples:

A. It depends on which country you are in.
   - In the United States, you can vote at 18.
   - In Australia, you can vote at 18, but you can enroll to vote at 16.
   - In some countries like Brazil and Argentina, you can vote at 16 for some elections.
   - In others like Germany and India, you can vote at 18.

Example: Imagine you're a US citizen living in Australia for a year. In the US, you can vote at 18, but in Australia, you can vote at 18 too, but you have to be enrolled to vote. So, it really depends on the country.

B. You can vote when you are a legal adult.
   - The definition of a legal adult varies across countries, with some countries setting it at 16, others at 18, and some at 21.

Example: If you're in a country where 16 is considered the age of majority (like in some African countries), then you can vote at 16, but if you're in a country where 18 is the age of majority (like in the US), then you can vote at 18.

C. You can vote when you turn 16.
   - This is not true for most countries, but some countries like Brazil and Argentina allow 16-year-olds to vote in some elections.

Example: If you're a 16-year-old living in Brazil, you can vote in some elections, but if you're in a country like the US, you can't vote until you turn 18.

D. You can vote when you turn 18.
   - This is true for many countries, including the US, Australia, and India.

Example: If you're a US citizen, you can vote when you turn 18, but if you're a Brazilian citizen, you can vote at 16 in some elections.

E. You can vote when you turn 21.
   - This is not true for most countries, but in some countries, 21 is considered the age of majority.

Example: If you're a 21-year-old living in a country like Germany, you can vote, but if you're a 21-year-old living in the US, you could have been voting for 3 years already.

The best answer is A. It depends on which country you are in.","The correct answer is:

A. It depends on which country you are in.

This option is the most accurate because the voting age varies across different countries. While some countries have a voting age of 18, others have it at 16, 17, 21, or even higher. The specific age at which a person can vote is determined by the laws of each country, making option A the most universally applicable answer.","The correct answer is A. It depends on which country you are in.

In many countries, the age at which a person can vote is determined by the country's laws and regulations. While in some countries, like the United States, the minimum voting age is 18, in others, like Australia, it's 18, while in the UK, it's also 18, but in some countries like Austria, Germany, and Malta, it's 16.

This variation in voting age is due to the country's history, culture, and political system. For instance, in countries with a history of compulsory military service, like Austria and Germany, the voting age is often lower to encourage young people's participation in civic life.

So, the correct answer reflects the diversity of voting ages across different countries and acknowledges the cultural and historical context that influences these laws.","The correct answer is A. It depends on which country you are in.

Historically, the age of voting has varied across different cultures and countries. In ancient Greece, citizens could vote at the age of 21, but only if they were of good character and had completed their military service (approximately 30 years old). In the United States, the 26th Amendment to the Constitution, ratified in 1971, lowered the voting age from 21 to 18, following the tumultuous events of the 1960s and the Vietnam War.

The concept of ""voting age"" is a relatively modern development, dating back to the 19th century. Prior to this, voting was often restricted to landowners or members of the aristocracy. The idea of universal suffrage, where every citizen has the right to vote, has evolved over time, influenced by social, economic, and political factors.

In modern times, the age of voting varies across countries, ranging from 16 in some countries like Scotland and Austria to 21 in others like Saudi Arabia. This highlights the diversity of voting ages around the world, reflecting different cultural, historical, and legislative contexts.

Etymologically, the word ""voting"" comes from the Latin ""votum,"" meaning ""a vow"" or ""a promise."" In ancient Rome, citizens would make vows or promises to the gods before casting their ballots. The term ""voting"" has since evolved to encompass the act of selecting or choosing a candidate or option in a democratic process.","The best answer to this question would be:

A. It depends on which country you are in.

This is because voting ages vary across different countries. While some countries, like the United States, the United Kingdom, and most countries in Europe, allow citizens to vote at the age of 18, others, like Australia, allow 16-year-olds to vote in some elections, and a few countries, like Brazil, allow voting at 16 or 18 depending on the election type. In some countries, like Saudi Arabia, women were not allowed to vote until 2015, and the voting age for men was 21. Therefore, the voting age can differ significantly from one country to another.

Here are some perspectives on this issue:

- **Pro-Universal Suffrage**: Some argue that voting age should be universal, allowing all citizens to participate in the democratic process at the same age. This promotes equality and ensures that all voices are heard.

- **Pro-Youth Empowerment**: Others argue that allowing 16-year-olds to vote can be beneficial for their development as active citizens and can increase voter turnout in the long run.

- **Pro-Maturity**: Some argue that 18 is a more suitable voting age because it reflects a level of maturity and independence that is typically achieved at that age.

- **Pro-Cultural Context**: Others argue that voting age should be determined by the cultural and historical context of a country. For example, some countries with a strong tradition of youth participation in politics may choose a lower voting age.

In conclusion, while there are different perspectives on the ideal voting age, the fact remains that it varies significantly across countries, making option A the most accurate answer.","The correct answer is A. It depends on which country you are in.

Imagine you're on a magical journey around the world, visiting different countries. In some places, like Germany and Austria, you can vote at 18, while in others, like the UK and Australia, you can vote at 18 as well. But in some countries, like Brazil and Argentina, you can vote at 18, while in others, like some states in the US, you can vote at 18, but in others, like North Dakota, you can vote at 17.

So, the answer isn't a fixed age, but rather it depends on the country's laws and regulations.","Let's dive into the world of voting rights. The correct answer is not as straightforward as it seems. While it's tempting to choose a definitive age, the reality is that voting laws vary significantly from country to country.

In many countries, including the United States, the United Kingdom, and Canada, the minimum voting age is 18. However, in some countries like Argentina, Brazil, and Austria, you can vote at 16 or even 15 in some cases. On the other hand, in some countries like Saudi Arabia, the voting age is not clearly defined.

So, while options D and C are partially correct, they don't account for the diversity of voting laws across the globe. Option E is incorrect, as 21 is no longer the minimum voting age in most countries. Option B is too vague and doesn't provide any specific information.

The most accurate answer is A. It depends on which country you are in. This acknowledges the complexity and diversity of voting laws around the world.

Imagine you're a young adult, eager to make your voice heard in the democratic process. You'd want to know the specific rules in your country, wouldn't you? That's why option A is the most helpful and accurate response.",A,A,A,A,D,A,A,A,A,A,A,A,A,A,A,A,0
Where is the closest supermarket?,"['The closest supermarket is 25 miles away.', 'The closest supermarket is in the next town.', 'The closest supermarket is at the corner of State and 12th.', 'It depends on your current location.', 'The closest supermarket is in Los Angeles.']","The best answer to the question ""Where is the closest supermarket?"" would be:

D. It depends on your current location.

This is because the location of the closest supermarket can vary greatly depending on where you are. The other options do not take into account the person's current location, making option D the most accurate and helpful response.",D. It depends on your current location.,"To determine the best answer, let's break down the question and analyze each option step by step:

1. **Understanding the question**: The question is asking for the location of the closest supermarket. To answer this question accurately, we need to know the current location of the person asking.

2. **Analyzing option A**: Option A states that the closest supermarket is 25 miles away. However, without knowing the current location of the person asking, it's impossible to determine if this is the closest supermarket to their location.

3. **Analyzing option B**: Option B states that the closest supermarket is in the next town. Again, without knowing the current location of the person asking, it's impossible to determine if this is the closest supermarket to their location.

4. **Analyzing option C**: Option C states that the closest supermarket is at the corner of State and 12th. This option provides a specific location, but it doesn't take into account the current location of the person asking. It's possible that this supermarket may not be the closest to their location.

5. **Analyzing option D**: Option D states that it depends on your current location. This option acknowledges that the location of the closest supermarket can vary depending on the person's current location. It's the most accurate answer because it recognizes the importance of knowing the person's current location to determine the closest supermarket.

6. **Analyzing option E**: Option E states that the closest supermarket is in Los Angeles. This option provides a specific location, but it doesn't take into account the current location of the person asking. It's possible that this supermarket may not be the closest to their location.

Based on this analysis, the best answer is **D. It depends on your current location**. This option acknowledges that the location of the closest supermarket can vary depending on the person's current location.","The best option that answers the question while emphasizing cause-and-effect relationships is:

D. It depends on your current location.

This option acknowledges that the location of the closest supermarket is directly influenced by the user's current location. If you are in a different location, the closest supermarket would be different. This option takes into account the cause-and-effect relationship between the user's location and the location of the closest supermarket.","Let's consider a real-life scenario. Imagine you're standing in front of your house, and you want to find the closest supermarket. You look around, but you don't see one nearby. 

In this case, option A says the closest supermarket is 25 miles away, which doesn't help you much if you're looking for a quick trip. Option B mentions the next town, but that's still a bit vague, and you'd need to know the exact location of that town.

Option C, ""The closest supermarket is at the corner of State and 12th,"" is more helpful, but it assumes you know exactly where State and 12th are in relation to your current location.

Option E is completely irrelevant, as you're not in Los Angeles.

The most accurate and helpful answer is option D, ""It depends on your current location."" This acknowledges that the closest supermarket will vary depending on where you are. If you provide your current location, you can get a more accurate answer, such as ""The closest supermarket is at the corner of State and 12th"" or a similar specific location.","**Summary of Key Points:**
To determine the closest supermarket, we need to consider the current location of the person asking the question. The answer should provide a specific location or a relative distance based on the current location.

**Answer:**
The correct option is D. ""It depends on your current location."" This answer acknowledges that the closest supermarket can vary depending on the person's current location and does not provide a fixed location that may not be accurate for everyone.","Option D ""It depends on your current location"" is the best answer to the question. 

This response is the most accurate because it acknowledges that the distance and location of the closest supermarket can vary greatly depending on the individual's current location. Without knowing the user's specific location, options A, B, and C are incomplete and potentially misleading, while option E is irrelevant and inaccurate.

To provide a helpful response, the user would need to provide their current location, and the assistant could then provide a more specific answer, such as ""The closest supermarket is at the corner of State and 12th, which is 2 miles from your current location.""","The best answer is D. It depends on your current location.

This is because the question asks for the ""closest"" supermarket, which implies that the answer should be relative to the person's current location. Options A, B, and E give a fixed distance or location, but they don't take into account where the person is standing. Option C gives a specific location, but it doesn't say if it's the closest one from the person's current location.

So, the correct answer is D, because it acknowledges that the closest supermarket can vary depending on where you are.","To answer this question, let's consider a practical example:

Imagine you're a tourist visiting a new city, and you need to buy some groceries. You're standing in the middle of downtown, and you ask a local where the closest supermarket is.

Option A, ""The closest supermarket is 25 miles away,"" doesn't help you much, as you don't know where ""25 miles away"" is in relation to your current location.

Option B, ""The closest supermarket is in the next town,"" might be true, but it still doesn't give you a specific location.

Option C, ""The closest supermarket is at the corner of State and 12th,"" provides a specific location, but it's not clear if this is the closest supermarket from your current location, as you don't know where you are in relation to State and 12th.

Option E, ""The closest supermarket is in Los Angeles,"" is completely irrelevant, as you're likely in a different city or town.

Option D, ""It depends on your current location,"" is the most accurate answer. It acknowledges that the closest supermarket will vary depending on where you are in the city or town. If you provide your current location, the local can give you the most accurate answer.

So, the best answer is D.","The best answer is D. It depends on your current location.

This option acknowledges that the distance or location of the closest supermarket can vary greatly depending on the user's specific location. The other options either provide a fixed distance (A), a general location (B and E), or a specific address (C), which may or may not be accurate for the user's location.","The most culturally relevant and contextually aware response to the question ""Where is the closest supermarket?"" would be:

D. It depends on your current location.

This response acknowledges that the concept of ""closest"" is relative and can vary greatly depending on one's geographical location. It requires the person asking the question to provide their current location, which is a common expectation in modern communication.

In many cultures, particularly in urban areas, people often use GPS or mapping services to find the nearest convenience store or supermarket. This response caters to that expectation, allowing the person to access the most accurate information based on their specific location.

The other options are either too vague (A), too general (B), too specific (C), or irrelevant (E), making D the most culturally relevant and contextually aware response.","To provide a more informative answer, let's delve into the historical context and etymology of the question.

The term ""supermarket"" originated in the United States in the early 20th century. It was coined by Michael J. Cullen, an American businessman, in 1930. Cullen opened the first self-service supermarket, King Kullen, in Queens, New York. This innovation revolutionized the way people shopped for groceries, as it allowed customers to select and purchase products on their own, rather than relying on a clerk to serve them.

Now, considering the options provided, let's analyze them in light of this historical context:

A. This option provides a specific distance, but it doesn't give any information about the location itself.

B. This option provides a more specific location, but it doesn't give any information about the distance or the current location of the person asking the question.

C. This option provides a specific location, but it doesn't take into account the current location of the person asking the question.

D. This option acknowledges that the answer depends on the current location of the person asking the question. Given the historical context of supermarkets and the fact that they are typically located in urban areas, this option is the most accurate.

E. This option provides a specific location, but it doesn't take into account the current location of the person asking the question.

Considering the historical context and the etymology of the term ""supermarket,"" the best answer to the question is:

D. It depends on your current location.","Considering various perspectives, I would recommend option D: ""It depends on your current location."" 

This response acknowledges that the location of the closest supermarket can vary greatly depending on the individual's current location. It encourages the person to consider their specific circumstances, such as their address or the area they are currently in, to determine the closest supermarket.

Option D provides a more accurate and helpful response than the other options, which either provide a generic answer (A and E), a vague answer (B), or a specific answer that may not be relevant to the individual's situation (C).","Let's imagine a scenario where you're a character in a story, and you're on a mission to find the closest supermarket. You've been walking for hours, and your stomach is growling. You ask a local for directions, and they say...

""The closest supermarket is at the corner of State and 12th. But be warned, it's a bit of a trek from here. You'll have to navigate through the park and cross the busy street. But if you're in a hurry, it's your best bet.""

So, in this story, the most creative and helpful answer would be:

C. The closest supermarket is at the corner of State and 12th.

This answer provides a specific location, which gives you a sense of direction and a clear destination. It also warns you about the challenges you might face, making it a more engaging and realistic response.","Option D ""It depends on your current location"" is the best answer. This response acknowledges that the distance and location of the closest supermarket can vary greatly depending on where you are. It's a thoughtful and considerate answer that takes into account the person's specific situation and needs.

It's like saying, ""I understand you're looking for a supermarket, and I want to make sure you get the most accurate information. Can you tell me where you are right now, and I'll do my best to give you the closest option?"" It's a response that shows empathy and a willingness to help, which is especially important in situations where people are looking for practical solutions to everyday problems.",D,D,D,D,D,D,D,D,D,D,D,D,D,C,D,D,0
